metodo,orden,problema,hebras,tamvector,neqn,salto,tiempo
1,4,1,256,500,500,5,1.75387
1,4,2,256,500,500,5,1.56855
1,4,3,256,500,500,5,3.02246
1,4,4,256,500,500,5,3.15262
1,4,5,256,500,1000,5,1.65859
1,4,6,256,500,1000,5,1.66934
1,4,7,256,500,1000,5,1.69108
2,4,1,256,500,500,5,1.24938
2,4,2,256,500,500,5,1.25827
2,4,3,256,500,500,5,2.77291
2,4,4,256,500,500,5,2.86113
2,4,5,256,500,1000,5,1.35964
2,4,6,256,500,1000,5,1.37051
2,4,7,256,500,1000,5,1.36702
3,4,1,256,500,500,5,0.419736
3,4,2,256,500,500,5,0.416541
3,4,3,256,500,500,5,0.785062
3,4,4,256,500,500,5,0.809937
3,4,5,256,500,1000,5,0.43875
3,4,6,256,500,1000,5,0.441638
3,4,7,256,500,1000,5,0.444155
4,4,1,256,500,500,5,0.570268
4,4,2,256,500,500,5,0.574002
4,4,3,256,500,500,5,0.950943
4,4,4,256,500,500,5,0.977485
4,4,5,256,500,1000,5,0.597111
4,4,6,256,500,1000,5,0.600275
4,4,7,256,500,1000,5,0.598004
5,5,1,256,500,500,5,1.27155
5,5,2,256,500,500,5,1.26755
5,5,3,256,500,500,5,2.36867
5,5,4,256,500,500,5,2.42259
5,5,5,256,500,1000,5,1.32711
5,5,6,256,500,1000,5,1.34204
5,5,7,256,500,1000,5,1.33936
6,5,1,256,500,500,5,1.19995
6,5,2,256,500,500,5,1.20325
6,5,3,256,500,500,5,2.34914
6,5,4,256,500,500,5,2.42108
6,5,5,256,500,1000,5,1.28359
6,5,6,256,500,1000,5,1.29726
6,5,7,256,500,1000,5,1.28995
1,4,1,256,1000,1000,5,1.56614
1,4,2,256,1000,1000,5,1.61216
1,4,3,256,1000,1000,5,3.09491
1,4,4,256,1000,1000,5,3.19223
1,4,5,256,1000,2000,5,1.66905
1,4,6,256,1000,2000,5,1.681
1,4,7,256,1000,2000,5,1.69881
2,4,1,256,1000,1000,5,1.26587
2,4,2,256,1000,1000,5,1.27523
2,4,3,256,1000,1000,5,2.79582
2,4,4,256,1000,1000,5,2.89351
2,4,5,256,1000,2000,5,1.36855
2,4,6,256,1000,2000,5,1.38698
2,4,7,256,1000,2000,5,1.38198
3,4,1,256,1000,1000,5,0.417485
3,4,2,256,1000,1000,5,0.41741
3,4,3,256,1000,1000,5,0.787646
3,4,4,256,1000,1000,5,0.813271
3,4,5,256,1000,2000,5,0.44415
3,4,6,256,1000,2000,5,0.449229
3,4,7,256,1000,2000,5,0.453978
4,4,1,256,1000,1000,5,0.577117
4,4,2,256,1000,1000,5,0.575314
4,4,3,256,1000,1000,5,0.958212
4,4,4,256,1000,1000,5,0.978948
4,4,5,256,1000,2000,5,0.604496
4,4,6,256,1000,2000,5,0.60839
4,4,7,256,1000,2000,5,0.607339
5,5,1,256,1000,1000,5,1.26769
5,5,2,256,1000,1000,5,1.27281
5,5,3,256,1000,1000,5,2.39568
5,5,4,256,1000,1000,5,2.46841
5,5,5,256,1000,2000,5,1.36084
5,5,6,256,1000,2000,5,1.35995
5,5,7,256,1000,2000,5,1.35451
6,5,1,256,1000,1000,5,1.20841
6,5,2,256,1000,1000,5,1.21359
6,5,3,256,1000,1000,5,2.3538
6,5,4,256,1000,1000,5,2.42724
6,5,5,256,1000,2000,5,1.29703
6,5,6,256,1000,2000,5,1.30185
6,5,7,256,1000,2000,5,1.30261
1,4,1,256,2000,2000,5,1.5799
1,4,2,256,2000,2000,5,1.58447
1,4,3,256,2000,2000,5,3.07347
1,4,4,256,2000,2000,5,3.19757
1,4,5,256,2000,4000,5,1.69142
1,4,6,256,2000,4000,5,1.69589
1,4,7,256,2000,4000,5,1.71563
2,4,1,256,2000,2000,5,1.26965
2,4,2,256,2000,2000,5,1.27423
2,4,3,256,2000,2000,5,2.79788
2,4,4,256,2000,2000,5,2.89774
2,4,5,256,2000,4000,5,1.38121
2,4,6,256,2000,4000,5,1.3957
2,4,7,256,2000,4000,5,1.39319
3,4,1,256,2000,2000,5,0.420895
3,4,2,256,2000,2000,5,0.42305
3,4,3,256,2000,2000,5,0.794824
3,4,4,256,2000,2000,5,0.81836
3,4,5,256,2000,4000,5,0.448243
3,4,6,256,2000,4000,5,0.452544
3,4,7,256,2000,4000,5,0.453808
4,4,1,256,2000,2000,5,0.582724
4,4,2,256,2000,2000,5,0.586199
4,4,3,256,2000,2000,5,0.961964
4,4,4,256,2000,2000,5,0.987505
4,4,5,256,2000,4000,5,0.608002
4,4,6,256,2000,4000,5,0.612068
4,4,7,256,2000,4000,5,0.611292
5,5,1,256,2000,2000,5,1.27656
5,5,2,256,2000,2000,5,1.30504
5,5,3,256,2000,2000,5,2.40924
5,5,4,256,2000,2000,5,2.46586
5,5,5,256,2000,4000,5,1.363
5,5,6,256,2000,4000,5,1.35987
5,5,7,256,2000,4000,5,1.37041
6,5,1,256,2000,2000,5,1.21942
6,5,2,256,2000,2000,5,1.22158
6,5,3,256,2000,2000,5,2.36428
6,5,4,256,2000,2000,5,2.43986
6,5,5,256,2000,4000,5,1.30294
6,5,6,256,2000,4000,5,1.31393
6,5,7,256,2000,4000,5,1.3103
1,4,1,256,5000,5000,5,1.61514
1,4,2,256,5000,5000,5,1.70709
1,4,3,256,5000,5000,5,3.11622
1,4,4,256,5000,5000,5,3.18226
1,4,5,256,5000,10000,5,1.73929
1,4,6,256,5000,10000,5,1.74425
1,4,7,256,5000,10000,5,1.77742
2,4,1,256,5000,5000,5,1.30263
2,4,2,256,5000,5000,5,1.30409
2,4,3,256,5000,5000,5,2.86088
2,4,4,256,5000,5000,5,2.94542
2,4,5,256,5000,10000,5,1.42345
2,4,6,256,5000,10000,5,1.42929
2,4,7,256,5000,10000,5,1.43088
3,4,1,256,5000,5000,5,0.439562
3,4,2,256,5000,5000,5,0.431099
3,4,3,256,5000,5000,5,0.804841
3,4,4,256,5000,5000,5,0.829377
3,4,5,256,5000,10000,5,0.466849
3,4,6,256,5000,10000,5,0.467722
3,4,7,256,5000,10000,5,0.467123
4,4,1,256,5000,5000,5,0.589011
4,4,2,256,5000,5000,5,0.588643
4,4,3,256,5000,5000,5,0.976955
4,4,4,256,5000,5000,5,0.997927
4,4,5,256,5000,10000,5,0.633352
4,4,6,256,5000,10000,5,0.63515
4,4,7,256,5000,10000,5,0.630779
5,5,1,256,5000,5000,5,1.29953
5,5,2,256,5000,5000,5,1.30515
5,5,3,256,5000,5000,5,2.4433
5,5,4,256,5000,5000,5,2.50735
5,5,5,256,5000,10000,5,1.42089
5,5,6,256,5000,10000,5,1.41533
5,5,7,256,5000,10000,5,1.41483
6,5,1,256,5000,5000,5,1.23918
6,5,2,256,5000,5000,5,1.24331
6,5,3,256,5000,5000,5,2.40612
6,5,4,256,5000,5000,5,2.47479
6,5,5,256,5000,10000,5,1.34976
6,5,6,256,5000,10000,5,1.35632
6,5,7,256,5000,10000,5,1.35609
1,4,1,256,500,500,6,16.1305
1,4,2,256,500,500,6,16.178
1,4,3,256,500,500,6,31.0415
1,4,4,256,500,500,6,32.1722
1,4,5,256,500,1000,6,17.0844
1,4,6,256,500,1000,6,16.9712
1,4,7,256,500,1000,6,16.8781
2,4,1,256,500,500,6,12.6839
2,4,2,256,500,500,6,12.7266
2,4,3,256,500,500,6,28.0899
2,4,4,256,500,500,6,28.9773
2,4,5,256,500,1000,6,13.7845
2,4,6,256,500,1000,6,13.8804
2,4,7,256,500,1000,6,13.8317
3,4,1,256,500,500,6,4.19706
3,4,2,256,500,500,6,4.22342
3,4,3,256,500,500,6,7.95399
3,4,4,256,500,500,6,8.20476
3,4,5,256,500,1000,6,4.42428
3,4,6,256,500,1000,6,4.48073
3,4,7,256,500,1000,6,4.45638
4,4,1,256,500,500,6,5.77124
4,4,2,256,500,500,6,5.77999
4,4,3,256,500,500,6,9.62982
4,4,4,256,500,500,6,9.89342
4,4,5,256,500,1000,6,6.0388
4,4,6,256,500,1000,6,6.06771
4,4,7,256,500,1000,6,6.04455
5,5,1,256,500,500,6,12.7247
5,5,2,256,500,500,6,12.7467
5,5,3,256,500,500,6,24.0284
5,5,4,256,500,500,6,24.7488
5,5,5,256,500,1000,6,13.6094
5,5,6,256,500,1000,6,13.5906
5,5,7,256,500,1000,6,13.7306
6,5,1,256,500,500,6,12.1359
6,5,2,256,500,500,6,12.1636
6,5,3,256,500,500,6,23.6901
6,5,4,256,500,500,6,24.4192
6,5,5,256,500,1000,6,12.9506
6,5,6,256,500,1000,6,13.0203
6,5,7,256,500,1000,6,13.0042
1,4,1,256,1000,1000,6,15.9902
1,4,2,256,1000,1000,6,16.2043
1,4,3,256,1000,1000,6,30.878
1,4,4,256,1000,1000,6,31.9133
1,4,5,256,1000,2000,6,17.0971
1,4,6,256,1000,2000,6,16.9858
1,4,7,256,1000,2000,6,16.9695
2,4,1,256,1000,1000,6,12.7447
2,4,2,256,1000,1000,6,12.8184
2,4,3,256,1000,1000,6,28.155
2,4,4,256,1000,1000,6,29.1794
2,4,5,256,1000,2000,6,13.7978
2,4,6,256,1000,2000,6,13.9281
2,4,7,256,1000,2000,6,13.9056
3,4,1,256,1000,1000,6,4.18742
3,4,2,256,1000,1000,6,4.29454
3,4,3,256,1000,1000,6,7.96501
3,4,4,256,1000,1000,6,8.24631
3,4,5,256,1000,2000,6,4.47256
3,4,6,256,1000,2000,6,4.49739
3,4,7,256,1000,2000,6,4.5598
4,4,1,256,1000,1000,6,5.78383
4,4,2,256,1000,1000,6,5.77832
4,4,3,256,1000,1000,6,9.64401
4,4,4,256,1000,1000,6,9.85518
4,4,5,256,1000,2000,6,6.0667
4,4,6,256,1000,2000,6,6.09706
4,4,7,256,1000,2000,6,6.12179
5,5,1,256,1000,1000,6,12.7789
5,5,2,256,1000,1000,6,12.77
5,5,3,256,1000,1000,6,24.0665
5,5,4,256,1000,1000,6,24.7605
5,5,5,256,1000,2000,6,13.638
5,5,6,256,1000,2000,6,13.6983
5,5,7,256,1000,2000,6,13.8088
6,5,1,256,1000,1000,6,12.1858
6,5,2,256,1000,1000,6,12.2048
6,5,3,256,1000,1000,6,23.7351
6,5,4,256,1000,1000,6,24.4335
6,5,5,256,1000,2000,6,13.0172
6,5,6,256,1000,2000,6,13.0927
6,5,7,256,1000,2000,6,13.118
1,4,1,256,2000,2000,6,16.2054
1,4,2,256,2000,2000,6,17.6327
1,4,3,256,2000,2000,6,31.2256
1,4,4,256,2000,2000,6,32.1464
1,4,5,256,2000,4000,6,17.2015
1,4,6,256,2000,4000,6,17.0956
1,4,7,256,2000,4000,6,17.2821
2,4,1,256,2000,2000,6,12.8113
2,4,2,256,2000,2000,6,12.8325
2,4,3,256,2000,2000,6,28.1972
2,4,4,256,2000,2000,6,29.2395
2,4,5,256,2000,4000,6,13.9088
2,4,6,256,2000,4000,6,14.0442
2,4,7,256,2000,4000,6,13.9933
3,4,1,256,2000,2000,6,4.21807
3,4,2,256,2000,2000,6,4.23547
3,4,3,256,2000,2000,6,7.97714
3,4,4,256,2000,2000,6,8.235
3,4,5,256,2000,4000,6,4.50782
3,4,6,256,2000,4000,6,4.55148
3,4,7,256,2000,4000,6,4.5202
4,4,1,256,2000,2000,6,5.8492
4,4,2,256,2000,2000,6,5.85266
4,4,3,256,2000,2000,6,9.67576
4,4,4,256,2000,2000,6,9.92969
4,4,5,256,2000,4000,6,6.10925
4,4,6,256,2000,4000,6,6.13411
4,4,7,256,2000,4000,6,6.1277
5,5,1,256,2000,2000,6,12.9205
5,5,2,256,2000,2000,6,12.876
5,5,3,256,2000,2000,6,24.0976
5,5,4,256,2000,2000,6,24.9537
5,5,5,256,2000,4000,6,13.8041
5,5,6,256,2000,4000,6,13.8388
5,5,7,256,2000,4000,6,13.7619
6,5,1,256,2000,2000,6,12.2725
6,5,2,256,2000,2000,6,12.2935
6,5,3,256,2000,2000,6,23.8299
6,5,4,256,2000,2000,6,24.5711
6,5,5,256,2000,4000,6,13.126
6,5,6,256,2000,4000,6,13.2306
6,5,7,256,2000,4000,6,13.2039
1,4,1,256,5000,5000,6,16.2543
1,4,2,256,5000,5000,6,16.41
1,4,3,256,5000,5000,6,31.2184
1,4,4,256,5000,5000,6,32.3249
1,4,5,256,5000,10000,6,17.4387
1,4,6,256,5000,10000,6,17.8227
1,4,7,256,5000,10000,6,17.4839
2,4,1,256,5000,5000,6,13.042
2,4,2,256,5000,5000,6,13.0331
2,4,3,256,5000,5000,6,28.5388
2,4,4,256,5000,5000,6,29.4553
2,4,5,256,5000,10000,6,14.1684
2,4,6,256,5000,10000,6,14.3065
2,4,7,256,5000,10000,6,14.4043
3,4,1,256,5000,5000,6,4.34528
3,4,2,256,5000,5000,6,4.32837
3,4,3,256,5000,5000,6,8.07848
3,4,4,256,5000,5000,6,8.40138
3,4,5,256,5000,10000,6,4.64262
3,4,6,256,5000,10000,6,4.71993
3,4,7,256,5000,10000,6,4.68111
4,4,1,256,5000,5000,6,5.87863
4,4,2,256,5000,5000,6,5.93534
4,4,3,256,5000,5000,6,9.81926
4,4,4,256,5000,5000,6,10.0409
4,4,5,256,5000,10000,6,6.33395
4,4,6,256,5000,10000,6,6.35222
4,4,7,256,5000,10000,6,6.35669
5,5,1,256,5000,5000,6,13.1076
5,5,2,256,5000,5000,6,13.1449
5,5,3,256,5000,5000,6,24.5551
5,5,4,256,5000,5000,6,25.2513
5,5,5,256,5000,10000,6,14.3198
5,5,6,256,5000,10000,6,14.284
5,5,7,256,5000,10000,6,14.284
6,5,1,256,5000,5000,6,12.4802
6,5,2,256,5000,5000,6,12.497
6,5,3,256,5000,5000,6,24.2432
6,5,4,256,5000,5000,6,24.9325
6,5,5,256,5000,10000,6,13.6365
6,5,6,256,5000,10000,6,13.6557
6,5,7,256,5000,10000,6,13.6754
1,4,8,256,50,5000,5,1.95648
1,4,9,256,50,5000,5,1.98652
2,4,8,256,50,5000,5,1.68538
2,4,9,256,50,5000,5,1.69236
3,4,8,256,50,5000,5,0.51758
3,4,9,256,50,5000,5,0.520947
4,4,8,256,50,5000,5,0.685754
4,4,9,256,50,5000,5,0.684826
5,5,8,256,50,5000,5,1.56612
5,5,9,256,50,5000,5,1.57562
6,5,8,256,50,5000,5,1.53859
6,5,9,256,50,5000,5,1.54341
1,4,8,256,100,20000,5,2.73954
1,4,9,256,100,20000,5,2.75023
2,4,8,256,100,20000,5,2.47816
2,4,9,256,100,20000,5,2.46611
3,4,8,256,100,20000,5,0.735852
3,4,9,256,100,20000,5,0.735844
4,4,8,256,100,20000,5,0.937229
4,4,9,256,100,20000,5,0.932552
5,5,8,256,100,20000,5,2.25103
5,5,9,256,100,20000,5,2.25151
6,5,8,256,100,20000,5,2.2481
6,5,9,256,100,20000,5,2.24061
1,4,8,256,200,80000,5,4.97777
1,4,9,256,200,80000,5,4.95262
2,4,8,256,200,80000,5,4.80566
2,4,9,256,200,80000,5,4.83629
3,4,8,256,200,80000,5,1.37308
3,4,9,256,200,80000,5,1.37136
4,4,8,256,200,80000,5,1.84758
4,4,9,256,200,80000,5,1.84657
5,5,8,256,200,80000,5,4.30578
5,5,9,256,200,80000,5,4.30925
6,5,8,256,200,80000,5,4.62616
6,5,9,256,200,80000,5,4.62886
1,4,8,256,500,500000,5,31.5676
1,4,9,256,500,500000,5,31.5622
2,4,8,256,500,500000,5,32.3306
2,4,9,256,500,500000,5,32.7618
3,4,8,256,500,500000,5,9.94818
3,4,9,256,500,500000,5,9.83207
4,4,8,256,500,500000,5,17.7056
4,4,9,256,500,500000,5,17.7391
5,5,8,256,500,500000,5,31.484
5,5,9,256,500,500000,5,31.5245
6,5,8,256,500,500000,5,39.3957
6,5,9,256,500,500000,5,39.4384
1,4,8,256,50,5000,6,19.8174
1,4,9,256,50,5000,6,20.0531
2,4,8,256,50,5000,6,17.0095
2,4,9,256,50,5000,6,16.9835
3,4,8,256,50,5000,6,5.22594
3,4,9,256,50,5000,6,5.22463
4,4,8,256,50,5000,6,6.91379
4,4,9,256,50,5000,6,6.93167
5,5,8,256,50,5000,6,15.7544
5,5,9,256,50,5000,6,15.6857
6,5,8,256,50,5000,6,15.3411
6,5,9,256,50,5000,6,15.3935
1,4,8,256,100,20000,6,27.3821
1,4,9,256,100,20000,6,27.6431
2,4,8,256,100,20000,6,24.8266
2,4,9,256,100,20000,6,24.692
3,4,8,256,100,20000,6,7.36529
3,4,9,256,100,20000,6,7.34332
4,4,8,256,100,20000,6,9.37441
4,4,9,256,100,20000,6,9.41177
5,5,8,256,100,20000,6,22.6586
5,5,9,256,100,20000,6,22.6951
6,5,8,256,100,20000,6,22.6578
6,5,9,256,100,20000,6,22.5583
1,4,8,256,200,80000,6,50.0735
1,4,9,256,200,80000,6,50.0248
2,4,8,256,200,80000,6,48.7956
2,4,9,256,200,80000,6,49.0726
3,4,8,256,200,80000,6,13.9071
3,4,9,256,200,80000,6,13.7272
4,4,8,256,200,80000,6,18.8207
4,4,9,256,200,80000,6,19.0099
5,5,8,256,200,80000,6,43.574
5,5,9,256,200,80000,6,42.9541
6,5,8,256,200,80000,6,47.0315
6,5,9,256,200,80000,6,47.3679
1,4,8,256,500,500000,6,319.907
1,4,9,256,500,500000,6,320.22
2,4,8,256,500,500000,6,323.428
2,4,9,256,500,500000,6,325.197
3,4,8,256,500,500000,6,98.7771
3,4,9,256,500,500000,6,98.0185
4,4,8,256,500,500000,6,176.753
4,4,9,256,500,500000,6,176.041
5,5,8,256,500,500000,6,313.984
5,5,9,256,500,500000,6,310.682
6,5,8,256,500,500000,6,392.972
6,5,9,256,500,500000,6,393.347
1,4,1,256,100,100,5,1.47304
1,4,2,256,100,100,5,1.42085
1,4,3,256,100,100,5,2.13336
1,4,4,256,100,100,5,2.16732
1,4,5,256,100,200,5,1.69835
1,4,6,256,100,200,5,1.60506
1,4,7,256,100,200,5,1.63888
2,4,1,256,100,100,5,1.05787
2,4,2,256,100,100,5,1.09204
2,4,3,256,100,100,5,1.82099
2,4,4,256,100,100,5,1.86829
2,4,5,256,100,200,5,1.27356
2,4,6,256,100,200,5,1.28675
2,4,7,256,100,200,5,1.3228
3,4,1,256,100,100,5,0.361865
3,4,2,256,100,100,5,0.370638
3,4,3,256,100,100,5,0.546214
3,4,4,256,100,100,5,0.558729
3,4,5,256,100,200,5,0.421411
3,4,6,256,100,200,5,0.422101
3,4,7,256,100,200,5,0.436092
4,4,1,256,100,100,5,0.516234
4,4,2,256,100,100,5,0.520774
4,4,3,256,100,100,5,0.702503
4,4,4,256,100,100,5,0.713309
4,4,5,256,100,200,5,0.570152
4,4,6,256,100,200,5,0.575355
4,4,7,256,100,200,5,0.585767
5,5,1,256,100,100,5,1.09158
5,5,2,256,100,100,5,1.09155
5,5,3,256,100,100,5,1.65379
5,5,4,256,100,100,5,1.68654
5,5,5,256,100,200,5,1.26225
5,5,6,256,100,200,5,1.28023
5,5,7,256,100,200,5,1.31848
6,5,1,256,100,100,5,1.02549
6,5,2,256,100,100,5,1.04793
6,5,3,256,100,100,5,1.60047
6,5,4,256,100,100,5,1.63916
6,5,5,256,100,200,5,1.21629
6,5,6,256,100,200,5,1.22436
6,5,7,256,100,200,5,1.25487
1,4,1,256,200,200,5,1.49494
1,4,2,256,200,200,5,1.53664
1,4,3,256,200,200,5,2.85737
1,4,4,256,200,200,5,2.91686
1,4,5,256,200,400,5,1.68235
1,4,6,256,200,400,5,1.68234
1,4,7,256,200,400,5,1.66227
2,4,1,256,200,200,5,1.19624
2,4,2,256,200,200,5,1.20241
2,4,3,256,200,200,5,2.54805
2,4,4,256,200,200,5,2.61682
2,4,5,256,200,400,5,1.35404
2,4,6,256,200,400,5,1.36242
2,4,7,256,200,400,5,1.36199
3,4,1,256,200,200,5,0.399006
3,4,2,256,200,200,5,0.401319
3,4,3,256,200,200,5,0.730706
3,4,4,256,200,200,5,0.74591
3,4,5,256,200,400,5,0.438658
3,4,6,256,200,400,5,0.443621
3,4,7,256,200,400,5,0.438515
4,4,1,256,200,200,5,0.551153
4,4,2,256,200,200,5,0.55188
4,4,3,256,200,200,5,0.888053
4,4,4,256,200,200,5,0.905824
4,4,5,256,200,400,5,0.592885
4,4,6,256,200,400,5,0.594429
4,4,7,256,200,400,5,0.595333
5,5,1,256,200,200,5,1.224
5,5,2,256,200,200,5,1.21855
5,5,3,256,200,200,5,2.21938
5,5,4,256,200,200,5,2.25678
5,5,5,256,200,400,5,1.32468
5,5,6,256,200,400,5,1.33529
5,5,7,256,200,400,5,1.3502
6,5,1,256,200,200,5,1.15171
6,5,2,256,200,200,5,1.15947
6,5,3,256,200,200,5,2.16342
6,5,4,256,200,200,5,2.21758
6,5,5,256,200,400,5,1.2767
6,5,6,256,200,400,5,1.28553
6,5,7,256,200,400,5,1.28646
1,4,1,256,100,100,6,14.2108
1,4,2,256,100,100,6,17.4419
1,4,3,256,100,100,6,21.4263
1,4,4,256,100,100,6,22.0703
1,4,5,256,100,200,6,18.842
1,4,6,256,100,200,6,16.42
1,4,7,256,100,200,6,16.6784
2,4,1,256,100,100,6,10.7406
2,4,2,256,100,100,6,11.0594
2,4,3,256,100,100,6,18.4826
2,4,4,256,100,100,6,18.9876
2,4,5,256,100,200,6,13.0286
2,4,6,256,100,200,6,13.1574
2,4,7,256,100,200,6,13.5401
3,4,1,256,100,100,6,3.70452
3,4,2,256,100,100,6,3.75213
3,4,3,256,100,100,6,5.57316
3,4,4,256,100,100,6,5.74968
3,4,5,256,100,200,6,4.25118
3,4,6,256,100,200,6,4.27395
3,4,7,256,100,200,6,4.40917
4,4,1,256,100,100,6,5.25052
4,4,2,256,100,100,6,5.30732
4,4,3,256,100,100,6,7.12383
4,4,4,256,100,100,6,7.26845
4,4,5,256,100,200,6,5.79298
4,4,6,256,100,200,6,5.83532
4,4,7,256,100,200,6,5.95409
5,5,1,256,100,100,6,11.0381
5,5,2,256,100,100,6,11.2033
5,5,3,256,100,100,6,16.7386
5,5,4,256,100,100,6,17.1296
5,5,5,256,100,200,6,14.4727
5,5,6,256,100,200,6,14.5407
5,5,7,256,100,200,6,14.5009
6,5,1,256,100,100,6,10.4073
6,5,2,256,100,100,6,10.633
6,5,3,256,100,100,6,16.2643
6,5,4,256,100,100,6,16.6347
6,5,5,256,100,200,6,12.3178
6,5,6,256,100,200,6,12.4136
6,5,7,256,100,200,6,12.7349
1,4,1,256,200,200,6,15.0952
1,4,2,256,200,200,6,18.7991
1,4,3,256,200,200,6,28.7236
1,4,4,256,200,200,6,29.5016
1,4,5,256,200,400,6,19.1643
1,4,6,256,200,400,6,16.8455
1,4,7,256,200,400,6,19.4447
2,4,1,256,200,200,6,12.1255
2,4,2,256,200,200,6,12.1938
2,4,3,256,200,200,6,25.8079
2,4,4,256,200,200,6,26.5373
2,4,5,256,200,400,6,13.7011
2,4,6,256,200,400,6,13.7067
2,4,7,256,200,400,6,13.7905
3,4,1,256,200,200,6,4.30808
3,4,2,256,200,200,6,4.07835
3,4,3,256,200,200,6,7.40488
3,4,4,256,200,200,6,7.55639
3,4,5,256,200,400,6,4.3825
3,4,6,256,200,400,6,4.47631
3,4,7,256,200,400,6,4.42845
4,4,1,256,200,200,6,5.57675
4,4,2,256,200,200,6,5.59954
4,4,3,256,200,200,6,9.00204
4,4,4,256,200,200,6,9.18619
4,4,5,256,200,400,6,6.00205
4,4,6,256,200,400,6,6.02854
4,4,7,256,200,400,6,6.02547
5,5,1,256,200,200,6,14.2824
5,5,2,256,200,200,6,14.3075
5,5,3,256,200,200,6,22.3888
5,5,4,256,200,200,6,22.7269
5,5,5,256,200,400,6,14.5835
5,5,6,256,200,400,6,14.7171
5,5,7,256,200,400,6,14.6775
6,5,1,256,200,200,6,11.7069
6,5,2,256,200,200,6,11.7073
6,5,3,256,200,200,6,21.9186
6,5,4,256,200,200,6,22.4964
6,5,5,256,200,400,6,12.8804
6,5,6,256,200,400,6,12.9756
6,5,7,256,200,400,6,12.9837
